{"cameraMode":{"drawMode":0,"name":"Shaded","section":"Shading Mode"},"sceneLighting":false,"audioPlay":false,"sceneViewState":{"showFog":true,"showMaterialUpdate":false,"showSkybox":false,"showFlares":true,"showImageEffects":true,"showParticleSystems":true},"in2DMode":false,"pivot":{"x":0.00017276406288146973,"y":0.344679057598114,"z":0.0},"rotation":{"x":0.06906522810459137,"y":0.29188767075538638,"z":-0.02121805027127266,"w":0.9537557363510132},"size":0.7198430299758911,"orthographic":false}