{"cameraMode":{"drawMode":0,"name":"Shaded","section":"Shading Mode"},"sceneLighting":false,"audioPlay":false,"sceneViewState":{"showFog":true,"showMaterialUpdate":false,"showSkybox":false,"showFlares":true,"showImageEffects":true,"showParticleSystems":true},"in2DMode":false,"pivot":{"x":-0.04628601670265198,"y":0.4820204973220825,"z":-0.062406063079833987},"rotation":{"x":-0.3370981514453888,"y":-0.341874897480011,"z":0.13299685716629029,"w":-0.8671067953109741},"size":1.4098695516586304,"orthographic":false}