{"cameraMode":{"drawMode":0,"name":"Shaded","section":"Shading Mode"},"sceneLighting":false,"audioPlay":false,"sceneViewState":{"showFog":true,"showMaterialUpdate":false,"showSkybox":false,"showFlares":true,"showImageEffects":true,"showParticleSystems":true},"in2DMode":false,"pivot":{"x":-1.4901161193847657e-7,"y":0.15909147262573243,"z":0.03992991894483566},"rotation":{"x":-0.07116447389125824,"y":-0.17208796739578248,"z":0.012466593645513058,"w":-0.9824489951133728},"size":0.33031362295150759,"orthographic":true}